device,n_texts,time_k1_s,time_k4_s,ratio_k4_over_k1
mps,8,1.4885707079956774,3.1143475840071915,2.0921730941492065
