analysis,n,mean_before,mean_after,mean_delta_after_minus_before,paired_t_stat,paired_t_p,wilcoxon_stat,wilcoxon_p
PPO judge average step1000_to_step1200,64,2.98828125,2.75390625,-0.234375,-1.6061188730585618,0.11324904957261892,331.0,0.052485293273042244
Mined rows UP-PPO lambda0p1 step1200_vs_PPO step1200,16,2.34375,2.65625,0.3125,1.6666666666666667,0.11631913583559787,23.0,0.10125422302510949
