analysis,n,pearson_r,pearson_p,spearman_rho,spearman_p
u_vs_abs_proxy_judge_error_PPO1200,64,0.2667520472424689,0.033111385863954984,0.26181318681318677,0.036633168826924106
u_vs_judge_disagreement_abs_PPO1200,64,0.0419710541697238,0.7419320731789065,0.005923364076501942,0.9629489206570871
u_vs_signed_judge_avg_delta_1200_minus_1000,64,0.09332920933331199,0.46324049940965173,-0.016267449123208693,0.8984789493325696
u_vs_judge_avg_drop_magnitude_1000_to_1200,64,0.0070972656491875355,0.9556128626252431,0.050899655655759796,0.6895758012678169
